Model,Final Train Loss,Final Val Loss,Best Val Loss,Convergence Epoch
RoPE,5.767045289993286,5.605949385097613,5.600793992368558,6
Relative Position Bias,5.7868837566375735,5.641141857963781,5.62337748158854,8
